{"cameraMode":{"drawMode":0,"name":"Shaded","section":"Shading Mode"},"sceneLighting":true,"audioPlay":false,"sceneViewState":{"showFog":true,"showMaterialUpdate":false,"showSkybox":true,"showFlares":true,"showImageEffects":true,"showParticleSystems":true},"in2DMode":false,"pivot":{"x":0.34518828988075259,"y":2.60623836517334,"z":-3.949887275695801},"rotation":{"x":-0.2771356403827667,"y":0.0020172959193587305,"z":-0.0005797453341074288,"w":-0.9608400464057922},"size":5.056569576263428,"orthographic":false}