{"cameraMode":{"drawMode":0,"name":"Shaded","section":"Shading Mode"},"sceneLighting":true,"audioPlay":false,"sceneViewState":{"showFog":true,"showMaterialUpdate":false,"showSkybox":true,"showFlares":true,"showImageEffects":true,"showParticleSystems":true},"in2DMode":false,"pivot":{"x":-0.031221389770507814,"y":-0.8323326110839844,"z":0.11842536926269531},"rotation":{"x":-0.0982091873884201,"y":0.9017921090126038,"z":-0.2971533536911011,"w":-0.2980429232120514},"size":7.512531280517578,"orthographic":false}